id,temperature,gold_solver,predicted_solver,oneshot_solver,pipeline_match,oneshot_match,prompt_tokens,completion_tokens,total_tokens
proofwriter_18,0.0,LP,LP,FOL,True,False,493,621,1114
logdeduc_39,0.0,CSP,CSP,CSP,True,True,777,305,1082
folio_11,0.0,FOL,CSP,FOL,False,True,673,1313,1986
folio_0,0.0,FOL,FOL,FOL,True,True,813,899,1712
arlsat_32,0.0,CSP,CSP,CSP,True,True,763,206,969
arlsat_23,0.0,CSP,CSP,CSP,True,True,867,268,1135
arlsat_29,0.0,CSP,CSP,CSP,True,True,745,206,951
proofwriter_12,0.0,LP,LP,CSP,True,False,487,424,911
folio_3,0.0,FOL,FOL,FOL,True,True,687,1308,1995
arlsat_36,0.0,CSP,CSP,CSP,True,True,683,174,857
logdeduc_22,0.0,CSP,CSP,CSP,True,True,671,459,1130
logdeduc_27,0.0,CSP,CSP,CSP,True,True,695,329,1024
logdeduc_0,0.0,CSP,CSP,CSP,True,True,745,429,1174
proofwriter_35,0.0,LP,LP,FOL,True,False,485,366,851
arlsat_8,0.0,CSP,CSP,CSP,True,True,845,166,1011
arlsat_26,0.0,CSP,CSP,CSP,True,True,793,274,1067
proofwriter_22,0.0,LP,LP,FOL,True,False,493,572,1065
proofwriter_6,0.0,LP,FOL,CSP,False,False,487,424,911
arlsat_1,0.0,CSP,CSP,CSP,True,True,827,202,1029
proofwriter_17,0.0,LP,LP,FOL,True,False,487,446,933
folio_10,0.0,FOL,CSP,CSP,False,False,675,686,1361
logdeduc_18,0.0,CSP,CSP,CSP,True,True,667,422,1089
proofwriter_16,0.0,LP,LP,FOL,True,False,487,686,1173
proofwriter_33,0.0,LP,FOL,CSP,False,False,487,525,1012
logdeduc_23,0.0,CSP,CSP,CSP,True,True,751,421,1172
arlsat_24,0.0,CSP,CSP,CSP,True,True,793,215,1008
arlsat_25,0.0,CSP,CSP,CSP,True,True,793,286,1079
arlsat_13,0.0,CSP,CSP,CSP,True,True,693,261,954
folio_21,0.0,FOL,LP,FOL,False,True,649,688,1337
logdeduc_13,0.0,CSP,CSP,CSP,True,True,669,484,1153
proofwriter_25,0.0,LP,LP,CSP,True,False,487,683,1170
proofwriter_21,0.0,LP,FOL,CSP,False,False,489,611,1100
folio_36,0.0,FOL,FOL,FOL,True,True,615,1316,1931
folio_28,0.0,FOL,FOL,FOL,True,True,643,514,1157
logdeduc_9,0.0,CSP,CSP,CSP,True,True,753,358,1111
logdeduc_26,0.0,CSP,CSP,CSP,True,True,669,367,1036
arlsat_4,0.0,CSP,CSP,CSP,True,True,841,215,1056
arlsat_9,0.0,CSP,CSP,CSP,True,True,889,217,1106
folio_15,0.0,FOL,FOL,FOL,True,True,517,439,956
folio_29,0.0,FOL,FOL,FOL,True,True,651,459,1110
folio_9,0.0,FOL,CSP,CSP,False,False,679,547,1226
logdeduc_6,0.0,CSP,CSP,CSP,True,True,729,382,1111
arlsat_31,0.0,CSP,CSP,CSP,True,True,775,189,964
proofwriter_15,0.0,LP,LP,FOL,True,False,485,545,1030
proofwriter_20,0.0,LP,LP,FOL,True,False,487,545,1032
folio_1,0.0,FOL,FOL,FOL,True,True,935,723,1658
logdeduc_38,0.0,CSP,CSP,CSP,True,True,675,352,1027
arlsat_3,0.0,CSP,CSP,CSP,True,True,805,198,1003
arlsat_30,0.0,CSP,CSP,CSP,True,True,747,214,961
logdeduc_5,0.0,CSP,CSP,CSP,True,True,801,182,983
proofwriter_27,0.0,LP,LP,CSP,True,False,485,691,1176
arlsat_20,0.0,CSP,CSP,CSP,True,True,823,160,983
logdeduc_11,0.0,CSP,CSP,CSP,True,True,753,361,1114
logdeduc_3,0.0,CSP,CSP,CSP,True,True,769,267,1036
folio_37,0.0,FOL,FOL,FOL,True,True,619,612,1231
proofwriter_29,0.0,LP,LP,FOL,True,False,485,401,886
arlsat_39,0.0,CSP,CSP,CSP,True,True,733,440,1173
proofwriter_3,0.0,LP,FOL,FOL,False,False,485,422,907
proofwriter_28,0.0,LP,FOL,FOL,False,False,485,484,969
proofwriter_32,0.0,LP,FOL,CSP,False,False,485,430,915
logdeduc_28,0.0,CSP,CSP,CSP,True,True,669,349,1018
arlsat_37,0.0,CSP,CSP,CSP,True,True,697,503,1200
arlsat_18,0.0,CSP,CSP,CSP,True,True,847,210,1057
arlsat_38,0.0,CSP,CSP,CSP,True,True,697,247,944
folio_4,0.0,FOL,FOL,FOL,True,True,691,985,1676
folio_19,0.0,FOL,FOL,FOL,True,True,685,360,1045
folio_5,0.0,FOL,FOL,FOL,True,True,797,380,1177
proofwriter_2,0.0,LP,LP,CSP,True,False,487,472,959
proofwriter_24,0.0,LP,LP,FOL,True,False,485,409,894
folio_14,0.0,FOL,FOL,FOL,True,True,625,887,1512
proofwriter_26,0.0,LP,FOL,FOL,False,False,487,577,1064
arlsat_6,0.0,CSP,CSP,CSP,True,True,807,172,979
folio_38,0.0,FOL,FOL,FOL,True,True,617,865,1482
logdeduc_16,0.0,CSP,CSP,CSP,True,True,755,370,1125
logdeduc_21,0.0,CSP,CSP,CSP,True,True,751,264,1015
proofwriter_7,0.0,LP,LP,FOL,True,False,485,430,915
proofwriter_14,0.0,LP,LP,CSP,True,False,487,547,1034
folio_27,0.0,FOL,FOL,FOL,True,True,635,363,998
proofwriter_13,0.0,LP,FOL,FOL,False,False,485,660,1145
logdeduc_32,0.0,CSP,CSP,CSP,True,True,687,323,1010
folio_20,0.0,FOL,FOL,FOL,True,True,675,503,1178
arlsat_17,0.0,CSP,CSP,CSP,True,True,735,249,984
logdeduc_4,0.0,CSP,CSP,CSP,True,True,797,201,998
arlsat_27,0.0,CSP,CSP,CSP,True,True,791,237,1028
logdeduc_12,0.0,CSP,CSP,CSP,True,True,797,217,1014
arlsat_19,0.0,CSP,CSP,CSP,True,True,849,175,1024
logdeduc_31,0.0,CSP,CSP,CSP,True,True,765,296,1061
folio_39,0.0,FOL,FOL,FOL,True,True,729,255,984
logdeduc_2,0.0,CSP,CSP,CSP,True,True,777,207,984
proofwriter_9,0.0,LP,LP,CSP,True,False,485,552,1037
logdeduc_25,0.0,CSP,CSP,CSP,True,True,759,211,970
folio_25,0.0,FOL,FOL,CSP,True,False,669,492,1161
arlsat_21,0.0,CSP,CSP,CSP,True,True,823,209,1032
logdeduc_8,0.0,CSP,CSP,CSP,True,True,781,181,962
proofwriter_11,0.0,LP,LP,CSP,True,False,487,697,1184
proofwriter_39,0.0,LP,LP,FOL,True,False,485,429,914
arlsat_28,0.0,CSP,CSP,CSP,True,True,819,314,1133
proofwriter_8,0.0,LP,FOL,CSP,False,False,487,524,1011
folio_8,0.0,FOL,LP,FOL,False,True,619,841,1460
proofwriter_37,0.0,LP,FOL,FOL,False,False,487,577,1064
logdeduc_36,0.0,CSP,CSP,CSP,True,True,727,441,1168
arlsat_16,0.0,CSP,CSP,CSP,True,True,747,260,1007
arlsat_11,0.0,CSP,CSP,CSP,True,True,875,181,1056
arlsat_7,0.0,CSP,CSP,CSP,True,True,891,219,1110
folio_16,0.0,FOL,FOL,FOL,True,True,651,937,1588
proofwriter_0,0.0,LP,LP,FOL,True,False,485,495,980
logdeduc_30,0.0,CSP,CSP,CSP,True,True,763,151,914
arlsat_22,0.0,CSP,CSP,CSP,True,True,849,195,1044
logdeduc_34,0.0,CSP,CSP,CSP,True,True,697,305,1002
logdeduc_37,0.0,CSP,CSP,CSP,True,True,793,157,950
folio_32,0.0,FOL,FOL,FOL,True,True,725,780,1505
arlsat_15,0.0,CSP,CSP,CSP,True,True,711,293,1004
logdeduc_1,0.0,CSP,CSP,CSP,True,True,761,293,1054
logdeduc_33,0.0,CSP,CSP,CSP,True,True,797,177,974
arlsat_33,0.0,CSP,CSP,CSP,True,True,761,175,936
folio_24,0.0,FOL,LP,CSP,False,False,683,841,1524
arlsat_35,0.0,CSP,CSP,CSP,True,True,775,206,981
logdeduc_14,0.0,CSP,CSP,CSP,True,True,753,450,1203
logdeduc_10,0.0,CSP,CSP,CSP,True,True,759,263,1022
proofwriter_19,0.0,LP,LP,FOL,True,False,489,559,1048
arlsat_10,0.0,CSP,CSP,CSP,True,True,875,217,1092
arlsat_5,0.0,CSP,CSP,CSP,True,True,807,230,1037
arlsat_34,0.0,CSP,CSP,CSP,True,True,745,210,955
folio_26,0.0,FOL,FOL,FOL,True,True,671,603,1274
folio_6,0.0,FOL,LP,FOL,False,True,615,538,1153
logdeduc_29,0.0,CSP,CSP,CSP,True,True,667,404,1071
proofwriter_34,0.0,LP,FOL,FOL,False,False,487,591,1078
folio_31,0.0,FOL,FOL,FOL,True,True,721,525,1246
logdeduc_35,0.0,CSP,CSP,CSP,True,True,797,189,986
folio_22,0.0,FOL,LP,FOL,False,True,641,719,1360
proofwriter_38,0.0,LP,FOL,CSP,False,False,487,520,1007
logdeduc_7,0.0,CSP,CSP,CSP,True,True,669,426,1095
folio_18,0.0,FOL,FOL,FOL,True,True,655,594,1249
arlsat_2,0.0,CSP,CSP,CSP,True,True,811,218,1029
proofwriter_1,0.0,LP,FOL,CSP,False,False,487,390,877
folio_23,0.0,FOL,LP,FOL,False,True,647,574,1221
logdeduc_24,0.0,CSP,CSP,CSP,True,True,793,195,988
folio_7,0.0,FOL,FOL,FOL,True,True,617,821,1438
folio_2,0.0,FOL,FOL,FOL,True,True,907,811,1718
arlsat_0,0.0,CSP,CSP,CSP,True,True,817,222,1039
folio_34,0.0,FOL,LP,FOL,False,True,573,611,1184
proofwriter_31,0.0,LP,LP,CSP,True,False,485,498,983
proofwriter_30,0.0,LP,LP,CSP,True,False,487,460,947
logdeduc_20,0.0,CSP,CSP,CSP,True,True,771,433,1204
proofwriter_23,0.0,LP,LP,FOL,True,False,489,492,981
logdeduc_19,0.0,CSP,CSP,CSP,True,True,669,407,1076
proofwriter_4,0.0,LP,LP,FOL,True,False,487,663,1150
proofwriter_5,0.0,LP,LP,CSP,True,False,487,480,967
folio_13,0.0,FOL,LP,FOL,False,True,623,1025,1648
logdeduc_17,0.0,CSP,CSP,CSP,True,True,765,171,936
arlsat_12,0.0,CSP,CSP,CSP,True,True,931,219,1150
proofwriter_10,0.0,LP,LP,CSP,True,False,485,421,906
folio_17,0.0,FOL,FOL,FOL,True,True,653,387,1040
folio_33,0.0,FOL,LP,FOL,False,True,575,293,868
folio_30,0.0,FOL,LP,FOL,False,True,721,667,1388
folio_35,0.0,FOL,FOL,FOL,True,True,587,803,1390
arlsat_14,0.0,CSP,CSP,CSP,True,True,713,227,940
folio_12,0.0,FOL,LP,FOL,False,True,623,830,1453
logdeduc_15,0.0,CSP,CSP,CSP,True,True,785,214,999
proofwriter_36,0.0,LP,FOL,CSP,False,False,485,423,908
proofwriter_18,0.01,LP,LP,FOL,True,False,493,759,1252
logdeduc_39,0.01,CSP,CSP,CSP,True,True,777,278,1055
folio_11,0.01,FOL,LP,CSP,False,False,673,1171,1844
folio_0,0.01,FOL,FOL,FOL,True,True,813,820,1633
arlsat_32,0.01,CSP,CSP,CSP,True,True,763,189,952
arlsat_23,0.01,CSP,CSP,CSP,True,True,867,194,1061
arlsat_29,0.01,CSP,CSP,CSP,True,True,745,194,939
proofwriter_12,0.01,LP,LP,CSP,True,False,487,460,947
folio_3,0.01,FOL,FOL,FOL,True,True,687,630,1317
arlsat_36,0.01,CSP,CSP,CSP,True,True,683,256,939
logdeduc_22,0.01,CSP,CSP,CSP,True,True,671,437,1108
logdeduc_27,0.01,CSP,CSP,CSP,True,True,695,370,1065
logdeduc_0,0.01,CSP,CSP,CSP,True,True,745,356,1101
proofwriter_35,0.01,LP,LP,CSP,True,False,485,414,899
arlsat_8,0.01,CSP,CSP,CSP,True,True,845,171,1016
arlsat_26,0.01,CSP,CSP,CSP,True,True,793,313,1106
proofwriter_22,0.01,LP,LP,CSP,True,False,493,717,1210
proofwriter_6,0.01,LP,FOL,FOL,False,False,487,542,1029
arlsat_1,0.01,CSP,CSP,CSP,True,True,827,186,1013
proofwriter_17,0.01,LP,LP,FOL,True,False,487,695,1182
folio_10,0.01,FOL,CSP,CSP,False,False,675,889,1564
logdeduc_18,0.01,CSP,CSP,CSP,True,True,667,434,1101
proofwriter_16,0.01,LP,FOL,CSP,False,False,487,572,1059
proofwriter_33,0.01,LP,LP,CSP,True,False,487,509,996
logdeduc_23,0.01,CSP,CSP,CSP,True,True,751,325,1076
arlsat_24,0.01,CSP,CSP,CSP,True,True,793,288,1081
arlsat_25,0.01,CSP,CSP,CSP,True,True,793,268,1061
arlsat_13,0.01,CSP,CSP,CSP,True,True,693,237,930
folio_21,0.01,FOL,LP,CSP,False,False,649,606,1255
logdeduc_13,0.01,CSP,CSP,CSP,True,True,669,327,996
proofwriter_25,0.01,LP,FOL,CSP,False,False,487,642,1129
proofwriter_21,0.01,LP,LP,CSP,True,False,489,421,910
folio_36,0.01,FOL,LP,FOL,False,True,615,988,1603
folio_28,0.01,FOL,FOL,FOL,True,True,643,458,1101
logdeduc_9,0.01,CSP,CSP,CSP,True,True,753,304,1057
logdeduc_26,0.01,CSP,CSP,CSP,True,True,669,389,1058
arlsat_4,0.01,CSP,CSP,CSP,True,True,841,180,1021
arlsat_9,0.01,CSP,CSP,CSP,True,True,889,203,1092
folio_15,0.01,FOL,FOL,FOL,True,True,517,586,1103
folio_29,0.01,FOL,FOL,FOL,True,True,651,605,1256
folio_9,0.01,FOL,CSP,CSP,False,False,679,479,1158
logdeduc_6,0.01,CSP,CSP,CSP,True,True,729,364,1093
arlsat_31,0.01,CSP,CSP,CSP,True,True,775,186,961
proofwriter_15,0.01,LP,FOL,FOL,False,False,485,452,937
proofwriter_20,0.01,LP,LP,CSP,True,False,487,554,1041
folio_1,0.01,FOL,FOL,FOL,True,True,935,613,1548
logdeduc_38,0.01,CSP,CSP,CSP,True,True,675,376,1051
arlsat_3,0.01,CSP,CSP,CSP,True,True,805,192,997
arlsat_30,0.01,CSP,CSP,CSP,True,True,747,188,935
logdeduc_5,0.01,CSP,CSP,CSP,True,True,801,229,1030
proofwriter_27,0.01,LP,LP,FOL,True,False,485,406,891
arlsat_20,0.01,CSP,CSP,CSP,True,True,823,205,1028
logdeduc_11,0.01,CSP,CSP,CSP,True,True,753,364,1117
logdeduc_3,0.01,CSP,CSP,CSP,True,True,769,225,994
folio_37,0.01,FOL,LP,FOL,False,True,619,400,1019
proofwriter_29,0.01,LP,LP,CSP,True,False,485,519,1004
arlsat_39,0.01,CSP,CSP,CSP,True,True,733,249,982
proofwriter_3,0.01,LP,LP,CSP,True,False,485,343,828
proofwriter_28,0.01,LP,FOL,FOL,False,False,485,430,915
proofwriter_32,0.01,LP,LP,FOL,True,False,485,438,923
logdeduc_28,0.01,CSP,CSP,CSP,True,True,669,375,1044
arlsat_37,0.01,CSP,CSP,CSP,True,True,697,403,1100
arlsat_18,0.01,CSP,CSP,CSP,True,True,847,201,1048
arlsat_38,0.01,CSP,CSP,CSP,True,True,697,271,968
folio_4,0.01,FOL,FOL,FOL,True,True,691,451,1142
folio_19,0.01,FOL,FOL,FOL,True,True,685,582,1267
folio_5,0.01,FOL,FOL,FOL,True,True,797,373,1170
proofwriter_2,0.01,LP,LP,FOL,True,False,487,527,1014
proofwriter_24,0.01,LP,LP,FOL,True,False,485,460,945
folio_14,0.01,FOL,FOL,FOL,True,True,625,728,1353
proofwriter_26,0.01,LP,FOL,FOL,False,False,487,738,1225
arlsat_6,0.01,CSP,CSP,CSP,True,True,807,177,984
folio_38,0.01,FOL,FOL,FOL,True,True,617,676,1293
logdeduc_16,0.01,CSP,CSP,CSP,True,True,755,233,988
logdeduc_21,0.01,CSP,CSP,CSP,True,True,751,290,1041
proofwriter_7,0.01,LP,LP,FOL,True,False,485,344,829
proofwriter_14,0.01,LP,FOL,CSP,False,False,487,594,1081
folio_27,0.01,FOL,FOL,FOL,True,True,635,377,1012
proofwriter_13,0.01,LP,LP,FOL,True,False,485,591,1076
logdeduc_32,0.01,CSP,CSP,CSP,True,True,687,422,1109
folio_20,0.01,FOL,FOL,FOL,True,True,675,407,1082
arlsat_17,0.01,CSP,CSP,CSP,True,True,735,243,978
logdeduc_4,0.01,CSP,CSP,CSP,True,True,797,191,988
arlsat_27,0.01,CSP,CSP,CSP,True,True,791,208,999
logdeduc_12,0.01,CSP,CSP,CSP,True,True,797,181,978
arlsat_19,0.01,CSP,CSP,CSP,True,True,849,173,1022
logdeduc_31,0.01,CSP,CSP,CSP,True,True,765,265,1030
folio_39,0.01,FOL,FOL,FOL,True,True,729,699,1428
logdeduc_2,0.01,CSP,CSP,CSP,True,True,777,246,1023
proofwriter_9,0.01,LP,LP,CSP,True,False,485,552,1037
logdeduc_25,0.01,CSP,CSP,CSP,True,True,759,231,990
folio_25,0.01,FOL,LP,CSP,False,False,669,609,1278
arlsat_21,0.01,CSP,CSP,CSP,True,True,823,165,988
logdeduc_8,0.01,CSP,CSP,CSP,True,True,781,211,992
proofwriter_11,0.01,LP,LP,CSP,True,False,487,515,1002
proofwriter_39,0.01,LP,LP,FOL,True,False,485,499,984
arlsat_28,0.01,CSP,CSP,CSP,True,True,819,292,1111
proofwriter_8,0.01,LP,LP,CSP,True,False,487,437,924
folio_8,0.01,FOL,FOL,FOL,True,True,619,790,1409
proofwriter_37,0.01,LP,FOL,CSP,False,False,487,506,993
logdeduc_36,0.01,CSP,CSP,CSP,True,True,727,399,1126
arlsat_16,0.01,CSP,CSP,CSP,True,True,747,299,1046
arlsat_11,0.01,CSP,CSP,CSP,True,True,875,190,1065
arlsat_7,0.01,CSP,CSP,CSP,True,True,891,207,1098
folio_16,0.01,FOL,FOL,FOL,True,True,651,294,945
proofwriter_0,0.01,LP,LP,FOL,True,False,485,306,791
logdeduc_30,0.01,CSP,CSP,CSP,True,True,763,239,1002
arlsat_22,0.01,CSP,CSP,CSP,True,True,849,197,1046
logdeduc_34,0.01,CSP,CSP,CSP,True,True,697,288,985
logdeduc_37,0.01,CSP,CSP,CSP,True,True,793,195,988
folio_32,0.01,FOL,FOL,FOL,True,True,725,1220,1945
arlsat_15,0.01,CSP,CSP,CSP,True,True,711,223,934
logdeduc_1,0.01,CSP,CSP,CSP,True,True,761,313,1074
logdeduc_33,0.01,CSP,CSP,CSP,True,True,797,172,969
arlsat_33,0.01,CSP,CSP,CSP,True,True,761,195,956
folio_24,0.01,FOL,LP,CSP,False,False,683,537,1220
arlsat_35,0.01,CSP,CSP,CSP,True,True,775,225,1000
logdeduc_14,0.01,CSP,CSP,CSP,True,True,753,437,1190
logdeduc_10,0.01,CSP,CSP,CSP,True,True,759,328,1087
proofwriter_19,0.01,LP,LP,FOL,True,False,489,413,902
arlsat_10,0.01,CSP,CSP,CSP,True,True,875,219,1094
arlsat_5,0.01,CSP,CSP,CSP,True,True,807,236,1043
arlsat_34,0.01,CSP,CSP,CSP,True,True,745,205,950
folio_26,0.01,FOL,LP,CSP,False,False,671,623,1294
folio_6,0.01,FOL,FOL,FOL,True,True,615,474,1089
logdeduc_29,0.01,CSP,CSP,CSP,True,True,667,386,1053
proofwriter_34,0.01,LP,FOL,FOL,False,False,487,548,1035
folio_31,0.01,FOL,LP,FOL,False,True,721,749,1470
logdeduc_35,0.01,CSP,CSP,CSP,True,True,797,225,1022
folio_22,0.01,FOL,LP,CSP,False,False,641,481,1122
proofwriter_38,0.01,LP,FOL,CSP,False,False,487,594,1081
logdeduc_7,0.01,CSP,CSP,CSP,True,True,669,349,1018
folio_18,0.01,FOL,FOL,FOL,True,True,655,352,1007
arlsat_2,0.01,CSP,CSP,CSP,True,True,811,218,1029
proofwriter_1,0.01,LP,FOL,CSP,False,False,487,562,1049
folio_23,0.01,FOL,LP,FOL,False,True,647,696,1343
logdeduc_24,0.01,CSP,CSP,CSP,True,True,793,172,965
folio_7,0.01,FOL,LP,FOL,False,True,617,686,1303
folio_2,0.01,FOL,FOL,FOL,True,True,907,538,1445
arlsat_0,0.01,CSP,CSP,CSP,True,True,817,175,992
folio_34,0.01,FOL,LP,FOL,False,True,573,516,1089
proofwriter_31,0.01,LP,LP,FOL,True,False,485,342,827
proofwriter_30,0.01,LP,LP,FOL,True,False,487,474,961
logdeduc_20,0.01,CSP,CSP,CSP,True,True,771,262,1033
proofwriter_23,0.01,LP,FOL,FOL,False,False,489,693,1182
logdeduc_19,0.01,CSP,CSP,CSP,True,True,669,383,1052
proofwriter_4,0.01,LP,LP,CSP,True,False,487,762,1249
proofwriter_5,0.01,LP,LP,CSP,True,False,487,579,1066
folio_13,0.01,FOL,FOL,FOL,True,True,623,819,1442
logdeduc_17,0.01,CSP,CSP,CSP,True,True,765,248,1013
arlsat_12,0.01,CSP,CSP,CSP,True,True,931,177,1108
proofwriter_10,0.01,LP,LP,CSP,True,False,485,481,966
folio_17,0.01,FOL,FOL,FOL,True,True,653,637,1290
folio_33,0.01,FOL,LP,FOL,False,True,575,401,976
folio_30,0.01,FOL,FOL,FOL,True,True,721,577,1298
folio_35,0.01,FOL,FOL,FOL,True,True,587,605,1192
arlsat_14,0.01,CSP,CSP,CSP,True,True,713,197,910
folio_12,0.01,FOL,LP,FOL,False,True,623,984,1607
logdeduc_15,0.01,CSP,CSP,CSP,True,True,785,212,997
proofwriter_36,0.01,LP,FOL,CSP,False,False,485,538,1023
proofwriter_18,0.1,LP,FOL,FOL,False,False,493,452,945
logdeduc_39,0.1,CSP,CSP,CSP,True,True,777,285,1062
folio_11,0.1,FOL,FOL,CSP,True,False,673,698,1371
folio_0,0.1,FOL,FOL,FOL,True,True,813,999,1812
arlsat_32,0.1,CSP,CSP,CSP,True,True,763,153,916
arlsat_23,0.1,CSP,CSP,CSP,True,True,867,246,1113
arlsat_29,0.1,CSP,CSP,CSP,True,True,745,206,951
proofwriter_12,0.1,LP,FOL,CSP,False,False,487,666,1153
folio_3,0.1,FOL,FOL,FOL,True,True,687,910,1597
arlsat_36,0.1,CSP,CSP,CSP,True,True,683,181,864
logdeduc_22,0.1,CSP,CSP,CSP,True,True,671,413,1084
logdeduc_27,0.1,CSP,CSP,CSP,True,True,695,310,1005
logdeduc_0,0.1,CSP,CSP,CSP,True,True,745,340,1085
proofwriter_35,0.1,LP,FOL,CSP,False,False,485,647,1132
arlsat_8,0.1,CSP,CSP,CSP,True,True,845,202,1047
arlsat_26,0.1,CSP,CSP,CSP,True,True,793,228,1021
proofwriter_22,0.1,LP,LP,FOL,True,False,493,891,1384
proofwriter_6,0.1,LP,FOL,CSP,False,False,487,573,1060
arlsat_1,0.1,CSP,CSP,CSP,True,True,827,215,1042
proofwriter_17,0.1,LP,FOL,CSP,False,False,487,513,1000
folio_10,0.1,FOL,CSP,CSP,False,False,675,679,1354
logdeduc_18,0.1,CSP,CSP,CSP,True,True,667,470,1137
proofwriter_16,0.1,LP,LP,FOL,True,False,487,407,894
proofwriter_33,0.1,LP,LP,FOL,True,False,487,727,1214
logdeduc_23,0.1,CSP,CSP,CSP,True,True,751,300,1051
arlsat_24,0.1,CSP,CSP,CSP,True,True,793,257,1050
arlsat_25,0.1,CSP,CSP,CSP,True,True,793,282,1075
arlsat_13,0.1,CSP,CSP,CSP,True,True,693,204,897
folio_21,0.1,FOL,LP,CSP,False,False,649,549,1198
logdeduc_13,0.1,CSP,CSP,CSP,True,True,669,359,1028
proofwriter_25,0.1,LP,LP,CSP,True,False,487,462,949
proofwriter_21,0.1,LP,FOL,CSP,False,False,489,477,966
folio_36,0.1,FOL,LP,FOL,False,True,615,546,1161
folio_28,0.1,FOL,FOL,FOL,True,True,643,882,1525
logdeduc_9,0.1,CSP,CSP,CSP,True,True,753,207,960
logdeduc_26,0.1,CSP,CSP,CSP,True,True,669,358,1027
arlsat_4,0.1,CSP,CSP,CSP,True,True,841,243,1084
arlsat_9,0.1,CSP,CSP,CSP,True,True,889,201,1090
folio_15,0.1,FOL,FOL,FOL,True,True,517,609,1126
folio_29,0.1,FOL,FOL,FOL,True,True,651,641,1292
folio_9,0.1,FOL,CSP,CSP,False,False,679,537,1216
logdeduc_6,0.1,CSP,CSP,CSP,True,True,729,405,1134
arlsat_31,0.1,CSP,CSP,CSP,True,True,775,190,965
proofwriter_15,0.1,LP,LP,FOL,True,False,485,445,930
proofwriter_20,0.1,LP,LP,CSP,True,False,487,720,1207
folio_1,0.1,FOL,FOL,FOL,True,True,935,740,1675
logdeduc_38,0.1,CSP,CSP,CSP,True,True,675,448,1123
arlsat_3,0.1,CSP,CSP,CSP,True,True,805,197,1002
arlsat_30,0.1,CSP,CSP,CSP,True,True,747,178,925
logdeduc_5,0.1,CSP,CSP,CSP,True,True,801,181,982
proofwriter_27,0.1,LP,FOL,FOL,False,False,485,608,1093
arlsat_20,0.1,CSP,CSP,CSP,True,True,823,188,1011
logdeduc_11,0.1,CSP,CSP,CSP,True,True,753,370,1123
logdeduc_3,0.1,CSP,CSP,CSP,True,True,769,245,1014
folio_37,0.1,FOL,FOL,FOL,True,True,619,595,1214
proofwriter_29,0.1,LP,LP,CSP,True,False,485,429,914
arlsat_39,0.1,CSP,CSP,CSP,True,True,733,408,1141
proofwriter_3,0.1,LP,LP,CSP,True,False,485,628,1113
proofwriter_28,0.1,LP,FOL,FOL,False,False,485,582,1067
proofwriter_32,0.1,LP,FOL,FOL,False,False,485,532,1017
logdeduc_28,0.1,CSP,CSP,CSP,True,True,669,328,997
arlsat_37,0.1,CSP,CSP,CSP,True,True,697,309,1006
arlsat_18,0.1,CSP,CSP,CSP,True,True,847,164,1011
arlsat_38,0.1,CSP,CSP,CSP,True,True,697,204,901
folio_4,0.1,FOL,FOL,FOL,True,True,691,681,1372
folio_19,0.1,FOL,FOL,FOL,True,True,685,394,1079
folio_5,0.1,FOL,FOL,FOL,True,True,797,623,1420
proofwriter_2,0.1,LP,FOL,CSP,False,False,487,834,1321
proofwriter_24,0.1,LP,FOL,FOL,False,False,485,589,1074
folio_14,0.1,FOL,LP,FOL,False,True,625,1156,1781
proofwriter_26,0.1,LP,FOL,FOL,False,False,487,501,988
arlsat_6,0.1,CSP,CSP,CSP,True,True,807,175,982
folio_38,0.1,FOL,LP,FOL,False,True,617,1100,1717
logdeduc_16,0.1,CSP,CSP,CSP,True,True,755,276,1031
logdeduc_21,0.1,CSP,CSP,CSP,True,True,751,259,1010
proofwriter_7,0.1,LP,LP,CSP,True,False,485,429,914
proofwriter_14,0.1,LP,LP,FOL,True,False,487,896,1383
folio_27,0.1,FOL,FOL,FOL,True,True,635,391,1026
proofwriter_13,0.1,LP,LP,FOL,True,False,485,408,893
logdeduc_32,0.1,CSP,CSP,CSP,True,True,687,311,998
folio_20,0.1,FOL,FOL,FOL,True,True,675,388,1063
arlsat_17,0.1,CSP,CSP,CSP,True,True,735,297,1032
logdeduc_4,0.1,CSP,CSP,CSP,True,True,797,196,993
arlsat_27,0.1,CSP,CSP,CSP,True,True,791,237,1028
logdeduc_12,0.1,CSP,CSP,CSP,True,True,797,167,964
arlsat_19,0.1,CSP,CSP,CSP,True,True,849,246,1095
logdeduc_31,0.1,CSP,CSP,CSP,True,True,765,214,979
folio_39,0.1,FOL,FOL,FOL,True,True,729,457,1186
logdeduc_2,0.1,CSP,CSP,CSP,True,True,777,179,956
proofwriter_9,0.1,LP,LP,FOL,True,False,485,503,988
logdeduc_25,0.1,CSP,CSP,CSP,True,True,759,212,971
folio_25,0.1,FOL,LP,FOL,False,True,669,584,1253
arlsat_21,0.1,CSP,CSP,CSP,True,True,823,191,1014
logdeduc_8,0.1,CSP,CSP,CSP,True,True,781,195,976
proofwriter_11,0.1,LP,LP,CSP,True,False,487,427,914
proofwriter_39,0.1,LP,LP,FOL,True,False,485,598,1083
arlsat_28,0.1,CSP,CSP,CSP,True,True,819,251,1070
proofwriter_8,0.1,LP,LP,CSP,True,False,487,703,1190
folio_8,0.1,FOL,LP,FOL,False,True,619,731,1350
proofwriter_37,0.1,LP,LP,FOL,True,False,487,485,972
logdeduc_36,0.1,CSP,CSP,CSP,True,True,727,365,1092
arlsat_16,0.1,CSP,CSP,CSP,True,True,747,241,988
arlsat_11,0.1,CSP,CSP,CSP,True,True,875,257,1132
arlsat_7,0.1,CSP,CSP,CSP,True,True,891,232,1123
folio_16,0.1,FOL,FOL,FOL,True,True,651,497,1148
proofwriter_0,0.1,LP,LP,FOL,True,False,485,314,799
logdeduc_30,0.1,CSP,CSP,CSP,True,True,763,253,1016
arlsat_22,0.1,CSP,CSP,CSP,True,True,849,196,1045
logdeduc_34,0.1,CSP,CSP,CSP,True,True,697,327,1024
logdeduc_37,0.1,CSP,CSP,CSP,True,True,793,187,980
folio_32,0.1,FOL,FOL,FOL,True,True,725,732,1457
arlsat_15,0.1,CSP,CSP,CSP,True,True,711,257,968
logdeduc_1,0.1,CSP,CSP,CSP,True,True,761,278,1039
logdeduc_33,0.1,CSP,CSP,CSP,True,True,797,220,1017
arlsat_33,0.1,CSP,CSP,CSP,True,True,761,198,959
folio_24,0.1,FOL,FOL,CSP,True,False,683,808,1491
arlsat_35,0.1,CSP,CSP,CSP,True,True,775,183,958
logdeduc_14,0.1,CSP,CSP,CSP,True,True,753,437,1190
logdeduc_10,0.1,CSP,CSP,CSP,True,True,759,369,1128
proofwriter_19,0.1,LP,LP,FOL,True,False,489,433,922
arlsat_10,0.1,CSP,CSP,CSP,True,True,875,179,1054
arlsat_5,0.1,CSP,CSP,CSP,True,True,807,212,1019
arlsat_34,0.1,CSP,CSP,CSP,True,True,745,191,936
folio_26,0.1,FOL,FOL,FOL,True,True,671,521,1192
folio_6,0.1,FOL,FOL,FOL,True,True,615,556,1171
logdeduc_29,0.1,CSP,CSP,CSP,True,True,667,434,1101
proofwriter_34,0.1,LP,LP,FOL,True,False,487,507,994
folio_31,0.1,FOL,FOL,FOL,True,True,721,652,1373
logdeduc_35,0.1,CSP,CSP,CSP,True,True,797,214,1011
folio_22,0.1,FOL,FOL,CSP,True,False,641,665,1306
proofwriter_38,0.1,LP,FOL,FOL,False,False,487,556,1043
logdeduc_7,0.1,CSP,CSP,CSP,True,True,669,391,1060
folio_18,0.1,FOL,FOL,FOL,True,True,655,313,968
arlsat_2,0.1,CSP,CSP,CSP,True,True,811,218,1029
proofwriter_1,0.1,LP,FOL,FOL,False,False,487,477,964
folio_23,0.1,FOL,LP,CSP,False,False,647,1029,1676
logdeduc_24,0.1,CSP,CSP,CSP,True,True,793,198,991
folio_7,0.1,FOL,FOL,FOL,True,True,617,682,1299
folio_2,0.1,FOL,FOL,FOL,True,True,907,543,1450
arlsat_0,0.1,CSP,CSP,CSP,True,True,817,182,999
folio_34,0.1,FOL,LP,FOL,False,True,573,509,1082
proofwriter_31,0.1,LP,LP,FOL,True,False,485,618,1103
proofwriter_30,0.1,LP,FOL,CSP,False,False,487,810,1297
logdeduc_20,0.1,CSP,CSP,CSP,True,True,771,292,1063
proofwriter_23,0.1,LP,LP,FOL,True,False,489,452,941
logdeduc_19,0.1,CSP,CSP,CSP,True,True,669,283,952
proofwriter_4,0.1,LP,FOL,CSP,False,False,487,467,954
proofwriter_5,0.1,LP,FOL,FOL,False,False,487,593,1080
folio_13,0.1,FOL,FOL,FOL,True,True,623,943,1566
logdeduc_17,0.1,CSP,CSP,CSP,True,True,765,320,1085
arlsat_12,0.1,CSP,CSP,CSP,True,True,931,186,1117
proofwriter_10,0.1,LP,LP,CSP,True,False,485,487,972
folio_17,0.1,FOL,FOL,FOL,True,True,653,447,1100
folio_33,0.1,FOL,LP,FOL,False,True,575,735,1310
folio_30,0.1,FOL,LP,FOL,False,True,721,325,1046
folio_35,0.1,FOL,FOL,FOL,True,True,587,678,1265
arlsat_14,0.1,CSP,CSP,CSP,True,True,713,207,920
folio_12,0.1,FOL,LP,FOL,False,True,623,785,1408
logdeduc_15,0.1,CSP,CSP,CSP,True,True,785,282,1067
proofwriter_36,0.1,LP,FOL,FOL,False,False,485,778,1263
proofwriter_18,0.3,LP,FOL,FOL,False,False,493,588,1081
logdeduc_39,0.3,CSP,CSP,CSP,True,True,777,165,942
folio_11,0.3,FOL,LP,CSP,False,False,673,934,1607
folio_0,0.3,FOL,FOL,FOL,True,True,813,591,1404
arlsat_32,0.3,CSP,CSP,CSP,True,True,763,198,961
arlsat_23,0.3,CSP,CSP,CSP,True,True,867,161,1028
arlsat_29,0.3,CSP,CSP,CSP,True,True,745,221,966
proofwriter_12,0.3,LP,FOL,CSP,False,False,487,503,990
folio_3,0.3,FOL,FOL,FOL,True,True,687,264,951
arlsat_36,0.3,CSP,CSP,CSP,True,True,683,276,959
logdeduc_22,0.3,CSP,CSP,CSP,True,True,671,298,969
logdeduc_27,0.3,CSP,CSP,CSP,True,True,695,292,987
logdeduc_0,0.3,CSP,CSP,CSP,True,True,745,182,927
proofwriter_35,0.3,LP,FOL,CSP,False,False,485,521,1006
arlsat_8,0.3,CSP,CSP,CSP,True,True,845,242,1087
arlsat_26,0.3,CSP,CSP,CSP,True,True,793,277,1070
proofwriter_22,0.3,LP,FOL,FOL,False,False,493,711,1204
proofwriter_6,0.3,LP,FOL,FOL,False,False,487,487,974
arlsat_1,0.3,CSP,CSP,CSP,True,True,827,160,987
proofwriter_17,0.3,LP,FOL,FOL,False,False,487,496,983
folio_10,0.3,FOL,CSP,CSP,False,False,675,591,1266
logdeduc_18,0.3,CSP,CSP,CSP,True,True,667,402,1069
proofwriter_16,0.3,LP,FOL,FOL,False,False,487,343,830
proofwriter_33,0.3,LP,FOL,FOL,False,False,487,735,1222
logdeduc_23,0.3,CSP,CSP,CSP,True,True,751,364,1115
arlsat_24,0.3,CSP,CSP,CSP,True,True,793,255,1048
arlsat_25,0.3,CSP,CSP,CSP,True,True,793,335,1128
arlsat_13,0.3,CSP,CSP,CSP,True,True,693,255,948
folio_21,0.3,FOL,LP,FOL,False,True,649,585,1234
logdeduc_13,0.3,CSP,CSP,CSP,True,True,669,317,986
proofwriter_25,0.3,LP,FOL,FOL,False,False,487,566,1053
proofwriter_21,0.3,LP,FOL,CSP,False,False,489,805,1294
folio_36,0.3,FOL,LP,FOL,False,True,615,276,891
folio_28,0.3,FOL,FOL,FOL,True,True,643,598,1241
logdeduc_9,0.3,CSP,CSP,CSP,True,True,753,238,991
logdeduc_26,0.3,CSP,CSP,CSP,True,True,669,315,984
arlsat_4,0.3,CSP,CSP,CSP,True,True,841,207,1048
arlsat_9,0.3,CSP,CSP,CSP,True,True,889,219,1108
folio_15,0.3,FOL,FOL,FOL,True,True,517,343,860
folio_29,0.3,FOL,FOL,FOL,True,True,651,660,1311
folio_9,0.3,FOL,CSP,CSP,False,False,679,552,1231
logdeduc_6,0.3,CSP,CSP,CSP,True,True,729,298,1027
arlsat_31,0.3,CSP,CSP,CSP,True,True,775,153,928
proofwriter_15,0.3,LP,LP,CSP,True,False,485,637,1122
proofwriter_20,0.3,LP,FOL,FOL,False,False,487,677,1164
folio_1,0.3,FOL,LP,FOL,False,True,935,507,1442
logdeduc_38,0.3,CSP,CSP,CSP,True,True,675,290,965
arlsat_3,0.3,CSP,CSP,CSP,True,True,805,189,994
arlsat_30,0.3,CSP,CSP,CSP,True,True,747,220,967
logdeduc_5,0.3,CSP,CSP,CSP,True,True,801,214,1015
proofwriter_27,0.3,LP,FOL,CSP,False,False,485,506,991
arlsat_20,0.3,CSP,CSP,CSP,True,True,823,183,1006
logdeduc_11,0.3,CSP,CSP,CSP,True,True,753,300,1053
logdeduc_3,0.3,CSP,CSP,CSP,True,True,769,172,941
folio_37,0.3,FOL,FOL,FOL,True,True,619,589,1208
proofwriter_29,0.3,LP,LP,FOL,True,False,485,565,1050
arlsat_39,0.3,CSP,CSP,CSP,True,True,733,258,991
proofwriter_3,0.3,LP,LP,FOL,True,False,485,564,1049
proofwriter_28,0.3,LP,FOL,FOL,False,False,485,697,1182
proofwriter_32,0.3,LP,FOL,CSP,False,False,485,748,1233
logdeduc_28,0.3,CSP,CSP,CSP,True,True,669,227,896
arlsat_37,0.3,CSP,CSP,CSP,True,True,697,260,957
arlsat_18,0.3,CSP,CSP,CSP,True,True,847,193,1040
arlsat_38,0.3,CSP,CSP,CSP,True,True,697,364,1061
folio_4,0.3,FOL,LP,FOL,False,True,691,659,1350
folio_19,0.3,FOL,FOL,FOL,True,True,685,707,1392
folio_5,0.3,FOL,FOL,FOL,True,True,797,337,1134
proofwriter_2,0.3,LP,FOL,CSP,False,False,487,612,1099
proofwriter_24,0.3,LP,LP,CSP,True,False,485,445,930
folio_14,0.3,FOL,LP,FOL,False,True,625,1007,1632
proofwriter_26,0.3,LP,FOL,FOL,False,False,487,513,1000
arlsat_6,0.3,CSP,CSP,CSP,True,True,807,187,994
folio_38,0.3,FOL,LP,FOL,False,True,617,902,1519
logdeduc_16,0.3,CSP,CSP,CSP,True,True,755,308,1063
logdeduc_21,0.3,CSP,CSP,CSP,True,True,751,320,1071
proofwriter_7,0.3,LP,LP,FOL,True,False,485,576,1061
proofwriter_14,0.3,LP,LP,CSP,True,False,487,442,929
folio_27,0.3,FOL,FOL,FOL,True,True,635,460,1095
proofwriter_13,0.3,LP,LP,FOL,True,False,485,407,892
logdeduc_32,0.3,CSP,CSP,CSP,True,True,687,352,1039
folio_20,0.3,FOL,FOL,FOL,True,True,675,657,1332
arlsat_17,0.3,CSP,CSP,CSP,True,True,735,276,1011
logdeduc_4,0.3,CSP,CSP,CSP,True,True,797,224,1021
arlsat_27,0.3,CSP,CSP,CSP,True,True,791,293,1084
logdeduc_12,0.3,CSP,CSP,CSP,True,True,797,168,965
arlsat_19,0.3,CSP,CSP,CSP,True,True,849,281,1130
logdeduc_31,0.3,CSP,CSP,CSP,True,True,765,316,1081
folio_39,0.3,FOL,FOL,FOL,True,True,729,695,1424
logdeduc_2,0.3,CSP,CSP,CSP,True,True,777,186,963
proofwriter_9,0.3,LP,LP,FOL,True,False,485,499,984
logdeduc_25,0.3,CSP,CSP,CSP,True,True,759,440,1199
folio_25,0.3,FOL,LP,FOL,False,True,669,691,1360
arlsat_21,0.3,CSP,CSP,CSP,True,True,823,184,1007
logdeduc_8,0.3,CSP,CSP,CSP,True,True,781,199,980
proofwriter_11,0.3,LP,FOL,CSP,False,False,487,693,1180
proofwriter_39,0.3,LP,LP,FOL,True,False,485,584,1069
arlsat_28,0.3,CSP,CSP,CSP,True,True,819,228,1047
proofwriter_8,0.3,LP,LP,CSP,True,False,487,567,1054
folio_8,0.3,FOL,FOL,FOL,True,True,619,704,1323
proofwriter_37,0.3,LP,FOL,FOL,False,False,487,533,1020
logdeduc_36,0.3,CSP,CSP,CSP,True,True,727,420,1147
arlsat_16,0.3,CSP,CSP,CSP,True,True,747,214,961
arlsat_11,0.3,CSP,CSP,CSP,True,True,875,170,1045
arlsat_7,0.3,CSP,CSP,CSP,True,True,891,196,1087
folio_16,0.3,FOL,FOL,FOL,True,True,651,677,1328
proofwriter_0,0.3,LP,FOL,CSP,False,False,485,636,1121
logdeduc_30,0.3,CSP,CSP,CSP,True,True,763,303,1066
arlsat_22,0.3,CSP,CSP,CSP,True,True,849,224,1073
logdeduc_34,0.3,CSP,CSP,CSP,True,True,697,269,966
logdeduc_37,0.3,CSP,CSP,CSP,True,True,793,192,985
folio_32,0.3,FOL,FOL,FOL,True,True,725,722,1447
arlsat_15,0.3,CSP,CSP,CSP,True,True,711,281,992
logdeduc_1,0.3,CSP,CSP,CSP,True,True,761,208,969
logdeduc_33,0.3,CSP,CSP,CSP,True,True,797,202,999
arlsat_33,0.3,CSP,CSP,CSP,True,True,761,195,956
folio_24,0.3,FOL,FOL,CSP,True,False,683,1070,1753
arlsat_35,0.3,CSP,CSP,CSP,True,True,775,280,1055
logdeduc_14,0.3,CSP,CSP,CSP,True,True,753,393,1146
logdeduc_10,0.3,CSP,CSP,CSP,True,True,759,319,1078
proofwriter_19,0.3,LP,LP,FOL,True,False,489,349,838
arlsat_10,0.3,CSP,CSP,CSP,True,True,875,183,1058
arlsat_5,0.3,CSP,CSP,CSP,True,True,807,305,1112
arlsat_34,0.3,CSP,CSP,CSP,True,True,745,226,971
folio_26,0.3,FOL,FOL,FOL,True,True,671,498,1169
folio_6,0.3,FOL,FOL,FOL,True,True,615,987,1602
logdeduc_29,0.3,CSP,CSP,CSP,True,True,667,240,907
proofwriter_34,0.3,LP,FOL,FOL,False,False,487,590,1077
folio_31,0.3,FOL,LP,FOL,False,True,721,1014,1735
logdeduc_35,0.3,CSP,CSP,CSP,True,True,797,162,959
folio_22,0.3,FOL,LP,CSP,False,False,641,498,1139
proofwriter_38,0.3,LP,LP,FOL,True,False,487,515,1002
logdeduc_7,0.3,CSP,CSP,CSP,True,True,669,355,1024
folio_18,0.3,FOL,FOL,FOL,True,True,655,796,1451
arlsat_2,0.3,CSP,CSP,CSP,True,True,811,213,1024
proofwriter_1,0.3,LP,LP,CSP,True,False,487,526,1013
folio_23,0.3,FOL,LP,CSP,False,False,647,646,1293
logdeduc_24,0.3,CSP,CSP,CSP,True,True,793,173,966
folio_7,0.3,FOL,FOL,FOL,True,True,617,670,1287
folio_2,0.3,FOL,FOL,FOL,True,True,907,432,1339
arlsat_0,0.3,CSP,CSP,CSP,True,True,817,174,991
folio_34,0.3,FOL,LP,FOL,False,True,573,440,1013
proofwriter_31,0.3,LP,LP,FOL,True,False,485,416,901
proofwriter_30,0.3,LP,FOL,FOL,False,False,487,696,1183
logdeduc_20,0.3,CSP,CSP,CSP,True,True,771,189,960
proofwriter_23,0.3,LP,FOL,FOL,False,False,489,555,1044
logdeduc_19,0.3,CSP,CSP,CSP,True,True,669,368,1037
proofwriter_4,0.3,LP,FOL,CSP,False,False,487,794,1281
proofwriter_5,0.3,LP,LP,CSP,True,False,487,640,1127
folio_13,0.3,FOL,LP,FOL,False,True,623,505,1128
logdeduc_17,0.3,CSP,CSP,CSP,True,True,765,216,981
arlsat_12,0.3,CSP,CSP,CSP,True,True,931,213,1144
proofwriter_10,0.3,LP,LP,FOL,True,False,485,603,1088
folio_17,0.3,FOL,FOL,FOL,True,True,653,661,1314
folio_33,0.3,FOL,LP,FOL,False,True,575,600,1175
folio_30,0.3,FOL,FOL,FOL,True,True,721,297,1018
folio_35,0.3,FOL,LP,FOL,False,True,587,650,1237
arlsat_14,0.3,CSP,CSP,CSP,True,True,713,254,967
folio_12,0.3,FOL,LP,FOL,False,True,623,763,1386
logdeduc_15,0.3,CSP,CSP,CSP,True,True,785,180,965
proofwriter_36,0.3,LP,LP,CSP,True,False,485,463,948
proofwriter_18,0.5,LP,FOL,CSP,False,False,493,750,1243
logdeduc_39,0.5,CSP,CSP,CSP,True,True,777,147,924
folio_11,0.5,FOL,CSP,FOL,False,True,673,1245,1918
folio_0,0.5,FOL,FOL,FOL,True,True,813,943,1756
arlsat_32,0.5,CSP,CSP,CSP,True,True,763,212,975
arlsat_23,0.5,CSP,CSP,CSP,True,True,867,184,1051
arlsat_29,0.5,CSP,CSP,CSP,True,True,745,198,943
proofwriter_12,0.5,LP,LP,CSP,True,False,487,498,985
folio_3,0.5,FOL,FOL,FOL,True,True,687,970,1657
arlsat_36,0.5,CSP,CSP,CSP,True,True,683,189,872
logdeduc_22,0.5,CSP,CSP,CSP,True,True,671,388,1059
logdeduc_27,0.5,CSP,CSP,CSP,True,True,695,457,1152
logdeduc_0,0.5,CSP,CSP,CSP,True,True,745,216,961
proofwriter_35,0.5,LP,LP,FOL,True,False,485,591,1076
arlsat_8,0.5,CSP,CSP,CSP,True,True,845,191,1036
arlsat_26,0.5,CSP,CSP,CSP,True,True,793,269,1062
proofwriter_22,0.5,LP,FOL,FOL,False,False,493,680,1173
proofwriter_6,0.5,LP,LP,FOL,True,False,487,798,1285
arlsat_1,0.5,CSP,CSP,CSP,True,True,827,205,1032
proofwriter_17,0.5,LP,LP,FOL,True,False,487,562,1049
folio_10,0.5,FOL,FOL,CSP,True,False,675,735,1410
logdeduc_18,0.5,CSP,CSP,CSP,True,True,667,506,1173
proofwriter_16,0.5,LP,FOL,FOL,False,False,487,418,905
proofwriter_33,0.5,LP,FOL,CSP,False,False,487,610,1097
logdeduc_23,0.5,CSP,CSP,CSP,True,True,751,249,1000
arlsat_24,0.5,CSP,CSP,CSP,True,True,793,270,1063
arlsat_25,0.5,CSP,CSP,CSP,True,True,793,211,1004
arlsat_13,0.5,CSP,CSP,CSP,True,True,693,192,885
folio_21,0.5,FOL,LP,CSP,False,False,649,410,1059
logdeduc_13,0.5,CSP,CSP,CSP,True,True,669,310,979
proofwriter_25,0.5,LP,FOL,CSP,False,False,487,442,929
proofwriter_21,0.5,LP,FOL,FOL,False,False,489,577,1066
folio_36,0.5,FOL,LP,FOL,False,True,615,849,1464
folio_28,0.5,FOL,FOL,FOL,True,True,643,425,1068
logdeduc_9,0.5,CSP,CSP,CSP,True,True,753,228,981
logdeduc_26,0.5,CSP,CSP,CSP,True,True,669,229,898
arlsat_4,0.5,CSP,CSP,CSP,True,True,841,174,1015
arlsat_9,0.5,CSP,CSP,CSP,True,True,889,234,1123
folio_15,0.5,FOL,FOL,FOL,True,True,517,674,1191
folio_29,0.5,FOL,FOL,FOL,True,True,651,473,1124
folio_9,0.5,FOL,CSP,CSP,False,False,679,611,1290
logdeduc_6,0.5,CSP,CSP,CSP,True,True,729,249,978
arlsat_31,0.5,CSP,CSP,CSP,True,True,775,165,940
proofwriter_15,0.5,LP,LP,FOL,True,False,485,574,1059
proofwriter_20,0.5,LP,FOL,FOL,False,False,487,393,880
folio_1,0.5,FOL,FOL,FOL,True,True,935,618,1553
logdeduc_38,0.5,CSP,CSP,CSP,True,True,675,411,1086
arlsat_3,0.5,CSP,CSP,CSP,True,True,805,185,990
arlsat_30,0.5,CSP,CSP,CSP,True,True,747,177,924
logdeduc_5,0.5,CSP,CSP,CSP,True,True,801,177,978
proofwriter_27,0.5,LP,LP,CSP,True,False,485,573,1058
arlsat_20,0.5,CSP,CSP,CSP,True,True,823,184,1007
logdeduc_11,0.5,CSP,CSP,CSP,True,True,753,227,980
logdeduc_3,0.5,CSP,CSP,CSP,True,True,769,185,954
folio_37,0.5,FOL,LP,FOL,False,True,619,460,1079
proofwriter_29,0.5,LP,LP,CSP,True,False,485,702,1187
arlsat_39,0.5,CSP,CSP,CSP,True,True,733,386,1119
proofwriter_3,0.5,LP,LP,FOL,True,False,485,669,1154
proofwriter_28,0.5,LP,FOL,CSP,False,False,485,643,1128
proofwriter_32,0.5,LP,LP,CSP,True,False,485,571,1056
logdeduc_28,0.5,CSP,CSP,CSP,True,True,669,335,1004
arlsat_37,0.5,CSP,CSP,CSP,True,True,697,682,1379
arlsat_18,0.5,CSP,CSP,CSP,True,True,847,210,1057
arlsat_38,0.5,CSP,CSP,CSP,True,True,697,168,865
folio_4,0.5,FOL,FOL,FOL,True,True,691,710,1401
folio_19,0.5,FOL,FOL,FOL,True,True,685,441,1126
folio_5,0.5,FOL,FOL,FOL,True,True,797,626,1423
proofwriter_2,0.5,LP,FOL,FOL,False,False,487,531,1018
proofwriter_24,0.5,LP,LP,CSP,True,False,485,712,1197
folio_14,0.5,FOL,LP,FOL,False,True,625,1175,1800
proofwriter_26,0.5,LP,LP,FOL,True,False,487,488,975
arlsat_6,0.5,CSP,CSP,CSP,True,True,807,203,1010
folio_38,0.5,FOL,FOL,FOL,True,True,617,608,1225
logdeduc_16,0.5,CSP,CSP,CSP,True,True,755,203,958
logdeduc_21,0.5,CSP,CSP,CSP,True,True,751,223,974
proofwriter_7,0.5,LP,LP,FOL,True,False,485,695,1180
proofwriter_14,0.5,LP,FOL,CSP,False,False,487,719,1206
folio_27,0.5,FOL,FOL,FOL,True,True,635,324,959
proofwriter_13,0.5,LP,LP,FOL,True,False,485,502,987
logdeduc_32,0.5,CSP,CSP,CSP,True,True,687,204,891
folio_20,0.5,FOL,FOL,FOL,True,True,675,377,1052
arlsat_17,0.5,CSP,CSP,CSP,True,True,735,243,978
logdeduc_4,0.5,CSP,CSP,CSP,True,True,797,289,1086
arlsat_27,0.5,CSP,CSP,CSP,True,True,791,207,998
logdeduc_12,0.5,CSP,CSP,CSP,True,True,797,212,1009
arlsat_19,0.5,CSP,CSP,CSP,True,True,849,238,1087
logdeduc_31,0.5,CSP,CSP,CSP,True,True,765,201,966
folio_39,0.5,FOL,FOL,FOL,True,True,729,488,1217
logdeduc_2,0.5,CSP,CSP,CSP,True,True,777,262,1039
proofwriter_9,0.5,LP,LP,FOL,True,False,485,504,989
logdeduc_25,0.5,CSP,CSP,CSP,True,True,759,266,1025
folio_25,0.5,FOL,FOL,FOL,True,True,669,391,1060
arlsat_21,0.5,CSP,CSP,CSP,True,True,823,159,982
logdeduc_8,0.5,CSP,CSP,CSP,True,True,781,207,988
proofwriter_11,0.5,LP,LP,FOL,True,False,487,646,1133
proofwriter_39,0.5,LP,LP,CSP,True,False,485,437,922
arlsat_28,0.5,CSP,CSP,CSP,True,True,819,258,1077
proofwriter_8,0.5,LP,LP,CSP,True,False,487,468,955
folio_8,0.5,FOL,FOL,FOL,True,True,619,660,1279
proofwriter_37,0.5,LP,FOL,CSP,False,False,487,561,1048
logdeduc_36,0.5,CSP,CSP,CSP,True,True,727,404,1131
arlsat_16,0.5,CSP,CSP,CSP,True,True,747,257,1004
arlsat_11,0.5,CSP,CSP,CSP,True,True,875,205,1080
arlsat_7,0.5,CSP,CSP,CSP,True,True,891,204,1095
folio_16,0.5,FOL,FOL,FOL,True,True,651,496,1147
proofwriter_0,0.5,LP,LP,CSP,True,False,485,407,892
logdeduc_30,0.5,CSP,CSP,CSP,True,True,763,306,1069
arlsat_22,0.5,CSP,CSP,CSP,True,True,849,182,1031
logdeduc_34,0.5,CSP,CSP,CSP,True,True,697,205,902
logdeduc_37,0.5,CSP,CSP,CSP,True,True,793,208,1001
folio_32,0.5,FOL,LP,FOL,False,True,725,418,1143
arlsat_15,0.5,CSP,CSP,CSP,True,True,711,244,955
logdeduc_1,0.5,CSP,CSP,CSP,True,True,761,302,1063
logdeduc_33,0.5,CSP,CSP,CSP,True,True,797,196,993
arlsat_33,0.5,CSP,CSP,CSP,True,True,761,231,992
folio_24,0.5,FOL,LP,FOL,False,True,683,696,1379
arlsat_35,0.5,CSP,CSP,CSP,True,True,775,234,1009
logdeduc_14,0.5,CSP,CSP,CSP,True,True,753,285,1038
logdeduc_10,0.5,CSP,CSP,CSP,True,True,759,387,1146
proofwriter_19,0.5,LP,LP,FOL,True,False,489,413,902
arlsat_10,0.5,CSP,CSP,CSP,True,True,875,318,1193
arlsat_5,0.5,CSP,CSP,CSP,True,True,807,177,984
arlsat_34,0.5,CSP,CSP,CSP,True,True,745,213,958
folio_26,0.5,FOL,FOL,FOL,True,True,671,641,1312
folio_6,0.5,FOL,FOL,FOL,True,True,615,637,1252
logdeduc_29,0.5,CSP,CSP,CSP,True,True,667,349,1016
proofwriter_34,0.5,LP,LP,CSP,True,False,487,575,1062
folio_31,0.5,FOL,LP,FOL,False,True,721,530,1251
logdeduc_35,0.5,CSP,CSP,CSP,True,True,797,197,994
folio_22,0.5,FOL,LP,CSP,False,False,641,507,1148
proofwriter_38,0.5,LP,LP,CSP,True,False,487,773,1260
logdeduc_7,0.5,CSP,CSP,CSP,True,True,669,265,934
folio_18,0.5,FOL,FOL,FOL,True,True,655,383,1038
arlsat_2,0.5,CSP,CSP,CSP,True,True,811,208,1019
proofwriter_1,0.5,LP,FOL,FOL,False,False,487,447,934
folio_23,0.5,FOL,LP,FOL,False,True,647,469,1116
logdeduc_24,0.5,CSP,CSP,CSP,True,True,793,160,953
folio_7,0.5,FOL,FOL,FOL,True,True,617,813,1430
folio_2,0.5,FOL,FOL,FOL,True,True,907,458,1365
arlsat_0,0.5,CSP,CSP,CSP,True,True,817,148,965
folio_34,0.5,FOL,LP,FOL,False,True,573,694,1267
proofwriter_31,0.5,LP,LP,FOL,True,False,485,295,780
proofwriter_30,0.5,LP,FOL,FOL,False,False,487,497,984
logdeduc_20,0.5,CSP,CSP,CSP,True,True,771,267,1038
proofwriter_23,0.5,LP,FOL,FOL,False,False,489,651,1140
logdeduc_19,0.5,CSP,CSP,CSP,True,True,669,344,1013
proofwriter_4,0.5,LP,LP,CSP,True,False,487,409,896
proofwriter_5,0.5,LP,FOL,CSP,False,False,487,345,832
folio_13,0.5,FOL,LP,FOL,False,True,623,797,1420
logdeduc_17,0.5,CSP,CSP,CSP,True,True,765,176,941
arlsat_12,0.5,CSP,CSP,CSP,True,True,931,196,1127
proofwriter_10,0.5,LP,FOL,CSP,False,False,485,678,1163
folio_17,0.5,FOL,FOL,FOL,True,True,653,428,1081
folio_33,0.5,FOL,LP,FOL,False,True,575,912,1487
folio_30,0.5,FOL,LP,FOL,False,True,721,735,1456
folio_35,0.5,FOL,FOL,FOL,True,True,587,650,1237
arlsat_14,0.5,CSP,CSP,CSP,True,True,713,260,973
folio_12,0.5,FOL,LP,FOL,False,True,623,638,1261
logdeduc_15,0.5,CSP,CSP,CSP,True,True,785,209,994
proofwriter_36,0.5,LP,FOL,FOL,False,False,485,734,1219
proofwriter_18,0.7,LP,FOL,FOL,False,False,493,392,885
logdeduc_39,0.7,CSP,CSP,CSP,True,True,777,199,976
folio_11,0.7,FOL,LP,FOL,False,True,673,821,1494
folio_0,0.7,FOL,FOL,FOL,True,True,813,490,1303
arlsat_32,0.7,CSP,CSP,CSP,True,True,763,209,972
arlsat_23,0.7,CSP,CSP,CSP,True,True,867,185,1052
arlsat_29,0.7,CSP,CSP,CSP,True,True,745,202,947
proofwriter_12,0.7,LP,LP,CSP,True,False,487,412,899
folio_3,0.7,FOL,FOL,FOL,True,True,687,347,1034
arlsat_36,0.7,CSP,CSP,CSP,True,True,683,294,977
logdeduc_22,0.7,CSP,CSP,CSP,True,True,671,199,870
logdeduc_27,0.7,CSP,CSP,CSP,True,True,695,240,935
logdeduc_0,0.7,CSP,CSP,CSP,True,True,745,323,1068
proofwriter_35,0.7,LP,LP,FOL,True,False,485,567,1052
arlsat_8,0.7,CSP,CSP,CSP,True,True,845,172,1017
arlsat_26,0.7,CSP,CSP,CSP,True,True,793,261,1054
proofwriter_22,0.7,LP,FOL,CSP,False,False,493,629,1122
proofwriter_6,0.7,LP,LP,CSP,True,False,487,474,961
arlsat_1,0.7,CSP,CSP,CSP,True,True,827,257,1084
proofwriter_17,0.7,LP,LP,CSP,True,False,487,486,973
folio_10,0.7,FOL,CSP,CSP,False,False,675,779,1454
logdeduc_18,0.7,CSP,CSP,CSP,True,True,667,257,924
proofwriter_16,0.7,LP,LP,FOL,True,False,487,326,813
proofwriter_33,0.7,LP,LP,CSP,True,False,487,847,1334
logdeduc_23,0.7,CSP,CSP,CSP,True,True,751,220,971
arlsat_24,0.7,CSP,CSP,CSP,True,True,793,265,1058
arlsat_25,0.7,CSP,CSP,CSP,True,True,793,333,1126
arlsat_13,0.7,CSP,CSP,CSP,True,True,693,255,948
folio_21,0.7,FOL,LP,FOL,False,True,649,390,1039
logdeduc_13,0.7,CSP,CSP,CSP,True,True,669,281,950
proofwriter_25,0.7,LP,LP,FOL,True,False,487,418,905
proofwriter_21,0.7,LP,LP,CSP,True,False,489,586,1075
folio_36,0.7,FOL,LP,FOL,False,True,615,499,1114
folio_28,0.7,FOL,FOL,FOL,True,True,643,540,1183
logdeduc_9,0.7,CSP,CSP,CSP,True,True,753,451,1204
logdeduc_26,0.7,CSP,CSP,CSP,True,True,669,242,911
arlsat_4,0.7,CSP,CSP,CSP,True,True,841,175,1016
arlsat_9,0.7,CSP,CSP,CSP,True,True,889,205,1094
folio_15,0.7,FOL,LP,FOL,False,True,517,593,1110
folio_29,0.7,FOL,FOL,FOL,True,True,651,297,948
folio_9,0.7,FOL,CSP,CSP,False,False,679,651,1330
logdeduc_6,0.7,CSP,CSP,CSP,True,True,729,303,1032
arlsat_31,0.7,CSP,CSP,CSP,True,True,775,174,949
proofwriter_15,0.7,LP,LP,FOL,True,False,485,794,1279
proofwriter_20,0.7,LP,FOL,CSP,False,False,487,490,977
folio_1,0.7,FOL,FOL,FOL,True,True,935,671,1606
logdeduc_38,0.7,CSP,CSP,CSP,True,True,675,271,946
arlsat_3,0.7,CSP,CSP,CSP,True,True,805,164,969
arlsat_30,0.7,CSP,CSP,CSP,True,True,747,213,960
logdeduc_5,0.7,CSP,CSP,CSP,True,True,801,197,998
proofwriter_27,0.7,LP,LP,FOL,True,False,485,322,807
arlsat_20,0.7,CSP,CSP,CSP,True,True,823,193,1016
logdeduc_11,0.7,CSP,CSP,CSP,True,True,753,210,963
logdeduc_3,0.7,CSP,CSP,CSP,True,True,769,220,989
folio_37,0.7,FOL,FOL,FOL,True,True,619,649,1268
proofwriter_29,0.7,LP,LP,FOL,True,False,485,580,1065
arlsat_39,0.7,CSP,CSP,CSP,True,True,733,346,1079
proofwriter_3,0.7,LP,LP,FOL,True,False,485,804,1289
proofwriter_28,0.7,LP,LP,FOL,True,False,485,486,971
proofwriter_32,0.7,LP,LP,FOL,True,False,485,369,854
logdeduc_28,0.7,CSP,CSP,CSP,True,True,669,281,950
arlsat_37,0.7,CSP,CSP,CSP,True,True,697,302,999
arlsat_18,0.7,CSP,CSP,CSP,True,True,847,155,1002
arlsat_38,0.7,CSP,CSP,CSP,True,True,697,172,869
folio_4,0.7,FOL,FOL,FOL,True,True,691,556,1247
folio_19,0.7,FOL,FOL,FOL,True,True,685,651,1336
folio_5,0.7,FOL,FOL,FOL,True,True,797,445,1242
proofwriter_2,0.7,LP,LP,CSP,True,False,487,468,955
proofwriter_24,0.7,LP,LP,CSP,True,False,485,532,1017
folio_14,0.7,FOL,FOL,FOL,True,True,625,641,1266
proofwriter_26,0.7,LP,LP,FOL,True,False,487,648,1135
arlsat_6,0.7,CSP,CSP,CSP,True,True,807,222,1029
folio_38,0.7,FOL,LP,FOL,False,True,617,792,1409
logdeduc_16,0.7,CSP,CSP,CSP,True,True,755,220,975
logdeduc_21,0.7,CSP,CSP,CSP,True,True,751,197,948
proofwriter_7,0.7,LP,LP,FOL,True,False,485,424,909
proofwriter_14,0.7,LP,LP,CSP,True,False,487,320,807
folio_27,0.7,FOL,FOL,FOL,True,True,635,529,1164
proofwriter_13,0.7,LP,LP,FOL,True,False,485,571,1056
logdeduc_32,0.7,CSP,CSP,CSP,True,True,687,295,982
folio_20,0.7,FOL,FOL,FOL,True,True,675,566,1241
arlsat_17,0.7,CSP,CSP,CSP,True,True,735,262,997
logdeduc_4,0.7,CSP,CSP,CSP,True,True,797,221,1018
arlsat_27,0.7,CSP,CSP,CSP,True,True,791,332,1123
logdeduc_12,0.7,CSP,CSP,CSP,True,True,797,171,968
arlsat_19,0.7,CSP,CSP,CSP,True,True,849,201,1050
logdeduc_31,0.7,CSP,CSP,CSP,True,True,765,234,999
folio_39,0.7,FOL,FOL,FOL,True,True,729,747,1476
logdeduc_2,0.7,CSP,CSP,CSP,True,True,777,212,989
proofwriter_9,0.7,LP,LP,FOL,True,False,485,837,1322
logdeduc_25,0.7,CSP,CSP,CSP,True,True,759,238,997
folio_25,0.7,FOL,LP,CSP,False,False,669,712,1381
arlsat_21,0.7,CSP,CSP,CSP,True,True,823,177,1000
logdeduc_8,0.7,CSP,CSP,CSP,True,True,781,277,1058
proofwriter_11,0.7,LP,LP,FOL,True,False,487,585,1072
proofwriter_39,0.7,LP,LP,FOL,True,False,485,576,1061
arlsat_28,0.7,CSP,CSP,CSP,True,True,819,327,1146
proofwriter_8,0.7,LP,LP,CSP,True,False,487,673,1160
folio_8,0.7,FOL,FOL,FOL,True,True,619,396,1015
proofwriter_37,0.7,LP,LP,CSP,True,False,487,562,1049
logdeduc_36,0.7,CSP,CSP,CSP,True,True,727,428,1155
arlsat_16,0.7,CSP,CSP,CSP,True,True,747,254,1001
arlsat_11,0.7,CSP,CSP,CSP,True,True,875,197,1072
arlsat_7,0.7,CSP,CSP,CSP,True,True,891,195,1086
folio_16,0.7,FOL,FOL,FOL,True,True,651,382,1033
proofwriter_0,0.7,LP,FOL,CSP,False,False,485,617,1102
logdeduc_30,0.7,CSP,CSP,CSP,True,True,763,230,993
arlsat_22,0.7,CSP,CSP,CSP,True,True,849,195,1044
logdeduc_34,0.7,CSP,CSP,CSP,True,True,697,306,1003
logdeduc_37,0.7,CSP,CSP,CSP,True,True,793,201,994
folio_32,0.7,FOL,FOL,FOL,True,True,725,595,1320
arlsat_15,0.7,CSP,CSP,CSP,True,True,711,272,983
logdeduc_1,0.7,CSP,CSP,CSP,True,True,761,223,984
logdeduc_33,0.7,CSP,CSP,CSP,True,True,797,185,982
arlsat_33,0.7,CSP,CSP,CSP,True,True,761,213,974
folio_24,0.7,FOL,LP,FOL,False,True,683,1446,2129
arlsat_35,0.7,CSP,CSP,CSP,True,True,775,281,1056
logdeduc_14,0.7,CSP,CSP,CSP,True,True,753,263,1016
logdeduc_10,0.7,CSP,CSP,CSP,True,True,759,207,966
proofwriter_19,0.7,LP,LP,FOL,True,False,489,466,955
arlsat_10,0.7,CSP,CSP,CSP,True,True,875,219,1094
arlsat_5,0.7,CSP,CSP,CSP,True,True,807,200,1007
arlsat_34,0.7,CSP,CSP,CSP,True,True,745,207,952
folio_26,0.7,FOL,LP,FOL,False,True,671,524,1195
folio_6,0.7,FOL,FOL,FOL,True,True,615,779,1394
logdeduc_29,0.7,CSP,CSP,CSP,True,True,667,297,964
proofwriter_34,0.7,LP,FOL,CSP,False,False,487,720,1207
folio_31,0.7,FOL,LP,FOL,False,True,721,554,1275
logdeduc_35,0.7,CSP,CSP,CSP,True,True,797,160,957
folio_22,0.7,FOL,LP,CSP,False,False,641,497,1138
proofwriter_38,0.7,LP,LP,CSP,True,False,487,393,880
logdeduc_7,0.7,CSP,CSP,CSP,True,True,669,237,906
folio_18,0.7,FOL,FOL,FOL,True,True,655,701,1356
arlsat_2,0.7,CSP,CSP,CSP,True,True,811,207,1018
proofwriter_1,0.7,LP,LP,CSP,True,False,487,380,867
folio_23,0.7,FOL,LP,FOL,False,True,647,548,1195
logdeduc_24,0.7,CSP,CSP,CSP,True,True,793,273,1066
folio_7,0.7,FOL,FOL,FOL,True,True,617,805,1422
folio_2,0.7,FOL,FOL,FOL,True,True,907,769,1676
arlsat_0,0.7,CSP,CSP,CSP,True,True,817,138,955
folio_34,0.7,FOL,LP,FOL,False,True,573,644,1217
proofwriter_31,0.7,LP,LP,CSP,True,False,485,393,878
proofwriter_30,0.7,LP,FOL,CSP,False,False,487,741,1228
logdeduc_20,0.7,CSP,CSP,CSP,True,True,771,207,978
proofwriter_23,0.7,LP,LP,FOL,True,False,489,489,978
logdeduc_19,0.7,CSP,CSP,CSP,True,True,669,319,988
proofwriter_4,0.7,LP,FOL,CSP,False,False,487,845,1332
proofwriter_5,0.7,LP,FOL,FOL,False,False,487,521,1008
folio_13,0.7,FOL,LP,FOL,False,True,623,790,1413
logdeduc_17,0.7,CSP,CSP,CSP,True,True,765,296,1061
arlsat_12,0.7,CSP,CSP,CSP,True,True,931,151,1082
proofwriter_10,0.7,LP,LP,FOL,True,False,485,614,1099
folio_17,0.7,FOL,FOL,FOL,True,True,653,352,1005
folio_33,0.7,FOL,LP,FOL,False,True,575,404,979
folio_30,0.7,FOL,FOL,FOL,True,True,721,511,1232
folio_35,0.7,FOL,FOL,FOL,True,True,587,670,1257
arlsat_14,0.7,CSP,CSP,CSP,True,True,713,210,923
folio_12,0.7,FOL,LP,FOL,False,True,623,584,1207
logdeduc_15,0.7,CSP,CSP,CSP,True,True,785,228,1013
proofwriter_36,0.7,LP,FOL,FOL,False,False,485,700,1185
proofwriter_18,1.0,LP,FOL,FOL,False,False,493,671,1164
logdeduc_39,1.0,CSP,CSP,CSP,True,True,777,295,1072
folio_11,1.0,FOL,FOL,FOL,True,True,673,566,1239
folio_0,1.0,FOL,FOL,FOL,True,True,813,945,1758
arlsat_32,1.0,CSP,CSP,CSP,True,True,763,193,956
arlsat_23,1.0,CSP,CSP,CSP,True,True,867,193,1060
arlsat_29,1.0,CSP,CSP,CSP,True,True,745,200,945
proofwriter_12,1.0,LP,LP,CSP,True,False,487,571,1058
folio_3,1.0,FOL,LP,FOL,False,True,687,761,1448
arlsat_36,1.0,CSP,CSP,CSP,True,True,683,341,1024
logdeduc_22,1.0,CSP,CSP,CSP,True,True,671,270,941
logdeduc_27,1.0,CSP,CSP,CSP,True,True,695,200,895
logdeduc_0,1.0,CSP,CSP,CSP,True,True,745,369,1114
proofwriter_35,1.0,LP,LP,CSP,True,False,485,442,927
arlsat_8,1.0,CSP,CSP,CSP,True,True,845,237,1082
arlsat_26,1.0,CSP,CSP,CSP,True,True,793,203,996
proofwriter_22,1.0,LP,FOL,FOL,False,False,493,819,1312
proofwriter_6,1.0,LP,LP,FOL,True,False,487,603,1090
arlsat_1,1.0,CSP,CSP,CSP,True,True,827,170,997
proofwriter_17,1.0,LP,LP,FOL,True,False,487,678,1165
folio_10,1.0,FOL,CSP,CSP,False,False,675,698,1373
logdeduc_18,1.0,CSP,CSP,CSP,True,True,667,228,895
proofwriter_16,1.0,LP,LP,FOL,True,False,487,461,948
proofwriter_33,1.0,LP,FOL,CSP,False,False,487,705,1192
logdeduc_23,1.0,CSP,CSP,CSP,True,True,751,268,1019
arlsat_24,1.0,CSP,CSP,CSP,True,True,793,233,1026
arlsat_25,1.0,CSP,CSP,CSP,True,True,793,223,1016
arlsat_13,1.0,CSP,CSP,CSP,True,True,693,214,907
folio_21,1.0,FOL,LP,CSP,False,False,649,453,1102
logdeduc_13,1.0,CSP,CSP,CSP,True,True,669,352,1021
proofwriter_25,1.0,LP,FOL,CSP,False,False,487,378,865
proofwriter_21,1.0,LP,FOL,FOL,False,False,489,686,1175
folio_36,1.0,FOL,LP,FOL,False,True,615,503,1118
folio_28,1.0,FOL,FOL,FOL,True,True,643,351,994
logdeduc_9,1.0,CSP,CSP,CSP,True,True,753,254,1007
logdeduc_26,1.0,CSP,CSP,CSP,True,True,669,316,985
arlsat_4,1.0,CSP,CSP,CSP,True,True,841,252,1093
arlsat_9,1.0,CSP,CSP,CSP,True,True,889,183,1072
folio_15,1.0,FOL,FOL,FOL,True,True,517,536,1053
folio_29,1.0,FOL,FOL,FOL,True,True,651,490,1141
folio_9,1.0,FOL,CSP,CSP,False,False,679,846,1525
logdeduc_6,1.0,CSP,CSP,CSP,True,True,729,244,973
arlsat_31,1.0,CSP,CSP,CSP,True,True,775,197,972
proofwriter_15,1.0,LP,LP,FOL,True,False,485,415,900
proofwriter_20,1.0,LP,LP,CSP,True,False,487,633,1120
folio_1,1.0,FOL,FOL,FOL,True,True,935,293,1228
logdeduc_38,1.0,CSP,CSP,CSP,True,True,675,354,1029
arlsat_3,1.0,CSP,CSP,CSP,True,True,805,221,1026
arlsat_30,1.0,CSP,CSP,CSP,True,True,747,199,946
logdeduc_5,1.0,CSP,CSP,CSP,True,True,801,254,1055
proofwriter_27,1.0,LP,FOL,CSP,False,False,485,670,1155
arlsat_20,1.0,CSP,CSP,CSP,True,True,823,190,1013
logdeduc_11,1.0,CSP,CSP,CSP,True,True,753,289,1042
logdeduc_3,1.0,CSP,CSP,CSP,True,True,769,262,1031
folio_37,1.0,FOL,FOL,FOL,True,True,619,555,1174
proofwriter_29,1.0,LP,LP,CSP,True,False,485,640,1125
arlsat_39,1.0,CSP,CSP,CSP,True,True,733,318,1051
proofwriter_3,1.0,LP,LP,CSP,True,False,485,411,896
proofwriter_28,1.0,LP,FOL,FOL,False,False,485,655,1140
proofwriter_32,1.0,LP,LP,FOL,True,False,485,493,978
logdeduc_28,1.0,CSP,CSP,CSP,True,True,669,219,888
arlsat_37,1.0,CSP,CSP,CSP,True,True,697,250,947
arlsat_18,1.0,CSP,CSP,CSP,True,True,847,176,1023
arlsat_38,1.0,CSP,CSP,CSP,True,True,697,303,1000
folio_4,1.0,FOL,FOL,FOL,True,True,691,209,900
folio_19,1.0,FOL,FOL,FOL,True,True,685,462,1147
folio_5,1.0,FOL,FOL,FOL,True,True,797,558,1355
proofwriter_2,1.0,LP,LP,CSP,True,False,487,540,1027
proofwriter_24,1.0,LP,FOL,FOL,False,False,485,467,952
folio_14,1.0,FOL,LP,FOL,False,True,625,850,1475
proofwriter_26,1.0,LP,LP,FOL,True,False,487,343,830
arlsat_6,1.0,CSP,CSP,CSP,True,True,807,194,1001
folio_38,1.0,FOL,FOL,FOL,True,True,617,885,1502
logdeduc_16,1.0,CSP,CSP,CSP,True,True,755,204,959
logdeduc_21,1.0,CSP,CSP,CSP,True,True,751,217,968
proofwriter_7,1.0,LP,LP,FOL,True,False,485,254,739
proofwriter_14,1.0,LP,FOL,CSP,False,False,487,474,961
folio_27,1.0,FOL,FOL,FOL,True,True,635,488,1123
proofwriter_13,1.0,LP,LP,FOL,True,False,485,564,1049
logdeduc_32,1.0,CSP,CSP,CSP,True,True,687,350,1037
folio_20,1.0,FOL,FOL,FOL,True,True,675,385,1060
arlsat_17,1.0,CSP,CSP,CSP,True,True,735,246,981
logdeduc_4,1.0,CSP,CSP,CSP,True,True,797,199,996
arlsat_27,1.0,CSP,CSP,CSP,True,True,791,203,994
logdeduc_12,1.0,CSP,CSP,CSP,True,True,797,191,988
arlsat_19,1.0,CSP,CSP,CSP,True,True,849,164,1013
logdeduc_31,1.0,CSP,CSP,CSP,True,True,765,301,1066
folio_39,1.0,FOL,FOL,FOL,True,True,729,265,994
logdeduc_2,1.0,CSP,CSP,CSP,True,True,777,293,1070
proofwriter_9,1.0,LP,LP,CSP,True,False,485,459,944
logdeduc_25,1.0,CSP,CSP,CSP,True,True,759,218,977
folio_25,1.0,FOL,LP,CSP,False,False,669,456,1125
arlsat_21,1.0,CSP,CSP,CSP,True,True,823,167,990
logdeduc_8,1.0,CSP,CSP,CSP,True,True,781,274,1055
proofwriter_11,1.0,LP,LP,FOL,True,False,487,503,990
proofwriter_39,1.0,LP,LP,FOL,True,False,485,593,1078
arlsat_28,1.0,CSP,CSP,CSP,True,True,819,214,1033
proofwriter_8,1.0,LP,LP,CSP,True,False,487,745,1232
folio_8,1.0,FOL,LP,FOL,False,True,619,722,1341
proofwriter_37,1.0,LP,LP,CSP,True,False,487,485,972
logdeduc_36,1.0,CSP,CSP,CSP,True,True,727,325,1052
arlsat_16,1.0,CSP,CSP,CSP,True,True,747,245,992
arlsat_11,1.0,CSP,CSP,CSP,True,True,875,173,1048
arlsat_7,1.0,CSP,CSP,CSP,True,True,891,206,1097
folio_16,1.0,FOL,FOL,FOL,True,True,651,758,1409
proofwriter_0,1.0,LP,LP,CSP,True,False,485,514,999
logdeduc_30,1.0,CSP,CSP,CSP,True,True,763,193,956
arlsat_22,1.0,CSP,CSP,CSP,True,True,849,157,1006
logdeduc_34,1.0,CSP,CSP,CSP,True,True,697,214,911
logdeduc_37,1.0,CSP,CSP,CSP,True,True,793,175,968
folio_32,1.0,FOL,FOL,FOL,True,True,725,539,1264
arlsat_15,1.0,CSP,CSP,CSP,True,True,711,286,997
logdeduc_1,1.0,CSP,CSP,CSP,True,True,761,252,1013
logdeduc_33,1.0,CSP,CSP,CSP,True,True,797,151,948
arlsat_33,1.0,CSP,CSP,CSP,True,True,761,204,965
folio_24,1.0,FOL,LP,FOL,False,True,683,832,1515
arlsat_35,1.0,CSP,CSP,CSP,True,True,775,188,963
logdeduc_14,1.0,CSP,CSP,CSP,True,True,753,372,1125
logdeduc_10,1.0,CSP,CSP,CSP,True,True,759,231,990
proofwriter_19,1.0,LP,LP,FOL,True,False,489,326,815
arlsat_10,1.0,CSP,CSP,CSP,True,True,875,214,1089
arlsat_5,1.0,CSP,CSP,CSP,True,True,807,200,1007
arlsat_34,1.0,CSP,CSP,CSP,True,True,745,215,960
folio_26,1.0,FOL,FOL,CSP,True,False,671,400,1071
folio_6,1.0,FOL,FOL,FOL,True,True,615,448,1063
logdeduc_29,1.0,CSP,CSP,CSP,True,True,667,178,845
proofwriter_34,1.0,LP,LP,FOL,True,False,487,389,876
folio_31,1.0,FOL,LP,FOL,False,True,721,354,1075
logdeduc_35,1.0,CSP,CSP,CSP,True,True,797,210,1007
folio_22,1.0,FOL,LP,FOL,False,True,641,765,1406
proofwriter_38,1.0,LP,FOL,FOL,False,False,487,508,995
logdeduc_7,1.0,CSP,CSP,CSP,True,True,669,214,883
folio_18,1.0,FOL,FOL,FOL,True,True,655,428,1083
arlsat_2,1.0,CSP,CSP,CSP,True,True,811,249,1060
proofwriter_1,1.0,LP,LP,CSP,True,False,487,932,1419
folio_23,1.0,FOL,LP,CSP,False,False,647,278,925
logdeduc_24,1.0,CSP,CSP,CSP,True,True,793,207,1000
folio_7,1.0,FOL,FOL,FOL,True,True,617,804,1421
folio_2,1.0,FOL,FOL,FOL,True,True,907,374,1281
arlsat_0,1.0,CSP,CSP,CSP,True,True,817,153,970
folio_34,1.0,FOL,LP,FOL,False,True,573,903,1476
proofwriter_31,1.0,LP,LP,FOL,True,False,485,525,1010
proofwriter_30,1.0,LP,LP,FOL,True,False,487,372,859
logdeduc_20,1.0,CSP,CSP,CSP,True,True,771,233,1004
proofwriter_23,1.0,LP,LP,FOL,True,False,489,410,899
logdeduc_19,1.0,CSP,CSP,CSP,True,True,669,345,1014
proofwriter_4,1.0,LP,LP,CSP,True,False,487,502,989
proofwriter_5,1.0,LP,FOL,FOL,False,False,487,530,1017
folio_13,1.0,FOL,FOL,FOL,True,True,623,1254,1877
logdeduc_17,1.0,CSP,CSP,CSP,True,True,765,195,960
arlsat_12,1.0,CSP,CSP,CSP,True,True,931,193,1124
proofwriter_10,1.0,LP,LP,CSP,True,False,485,717,1202
folio_17,1.0,FOL,FOL,FOL,True,True,653,391,1044
folio_33,1.0,FOL,LP,FOL,False,True,575,542,1117
folio_30,1.0,FOL,FOL,FOL,True,True,721,484,1205
folio_35,1.0,FOL,FOL,FOL,True,True,587,523,1110
arlsat_14,1.0,CSP,CSP,CSP,True,True,713,221,934
folio_12,1.0,FOL,LP,FOL,False,True,623,756,1379
logdeduc_15,1.0,CSP,CSP,CSP,True,True,785,288,1073
proofwriter_36,1.0,LP,LP,FOL,True,False,485,385,870
